id,name,email,password,role
1,Michele Tanner,isaiahjordan@example.org,$2a$10$YvZWEO2jzLiAZdTu0hAPxefD5src/cXhbBF9Gia7Llf61aWnCXSfm,Employee
2,Kathryn Collins,matthewmills@example.com,$2a$10$YvZWEO2jzLiAZdTu0hAPxefD5src/cXhbBF9Gia7Llf61aWnCXSfm,Admin
3,Harold Smith,bnelson@example.org,$2a$10$YvZWEO2jzLiAZdTu0hAPxefD5src/cXhbBF9Gia7Llf61aWnCXSfm,Admin
4,Sarah Stanley,jphillips@example.net,$2a$10$YvZWEO2jzLiAZdTu0hAPxefD5src/cXhbBF9Gia7Llf61aWnCXSfm,Employee
5,Miguel Harper,whitney74@example.com,$2a$10$YvZWEO2jzLiAZdTu0hAPxefD5src/cXhbBF9Gia7Llf61aWnCXSfm,Employee
6,Michael Lewis,sherriporter@example.net,$2a$10$YvZWEO2jzLiAZdTu0hAPxefD5src/cXhbBF9Gia7Llf61aWnCXSfm,Employee
7,Anne Edwards,kimberlywells@example.com,$2a$10$YvZWEO2jzLiAZdTu0hAPxefD5src/cXhbBF9Gia7Llf61aWnCXSfm,Admin
8,Wayne Herring,xmiller@example.net,$2a$10$YvZWEO2jzLiAZdTu0hAPxefD5src/cXhbBF9Gia7Llf61aWnCXSfm,Employee
9,Mark Hammond,dianajackson@example.com,$2a$10$YvZWEO2jzLiAZdTu0hAPxefD5src/cXhbBF9Gia7Llf61aWnCXSfm,Admin
10,Denise Weber,larry57@example.net,$2a$10$YvZWEO2jzLiAZdTu0hAPxefD5src/cXhbBF9Gia7Llf61aWnCXSfm,Employee
11,Amanda Martinez,umoon@example.com,$2a$10$YvZWEO2jzLiAZdTu0hAPxefD5src/cXhbBF9Gia7Llf61aWnCXSfm,Employee
12,Mrs. Stephanie Bradley DVM,christina28@example.com,$2a$10$YvZWEO2jzLiAZdTu0hAPxefD5src/cXhbBF9Gia7Llf61aWnCXSfm,Employee
13,Angela Green,maguirre@example.com,$2a$10$YvZWEO2jzLiAZdTu0hAPxefD5src/cXhbBF9Gia7Llf61aWnCXSfm,Admin
14,Todd Chung,dawn35@example.org,$2a$10$YvZWEO2jzLiAZdTu0hAPxefD5src/cXhbBF9Gia7Llf61aWnCXSfm,Employee
15,Leah Watson,mjohnson@example.com,$2a$10$YvZWEO2jzLiAZdTu0hAPxefD5src/cXhbBF9Gia7Llf61aWnCXSfm,Employee
16,Victoria Olson,harrellphyllis@example.org,$2a$10$YvZWEO2jzLiAZdTu0hAPxefD5src/cXhbBF9Gia7Llf61aWnCXSfm,Employee
17,Edwin Dean,hendricksjohn@example.net,$2a$10$YvZWEO2jzLiAZdTu0hAPxefD5src/cXhbBF9Gia7Llf61aWnCXSfm,Admin
18,Stephen Bush,erice@example.com,$2a$10$YvZWEO2jzLiAZdTu0hAPxefD5src/cXhbBF9Gia7Llf61aWnCXSfm,Admin
19,Amanda Gomez,andrewwilliams@example.org,$2a$10$YvZWEO2jzLiAZdTu0hAPxefD5src/cXhbBF9Gia7Llf61aWnCXSfm,Admin
20,Jessica Carter,nguyendaniel@example.net,$2a$10$YvZWEO2jzLiAZdTu0hAPxefD5src/cXhbBF9Gia7Llf61aWnCXSfm,Employee
21,Darlene Davis,omar63@example.com,$2a$10$YvZWEO2jzLiAZdTu0hAPxefD5src/cXhbBF9Gia7Llf61aWnCXSfm,Admin
22,Mark Pacheco,mooneykeith@example.net,$2a$10$YvZWEO2jzLiAZdTu0hAPxefD5src/cXhbBF9Gia7Llf61aWnCXSfm,Employee
23,Brian Parker,gnelson@example.net,$2a$10$YvZWEO2jzLiAZdTu0hAPxefD5src/cXhbBF9Gia7Llf61aWnCXSfm,Employee
24,James Ayala,blake84@example.org,$2a$10$YvZWEO2jzLiAZdTu0hAPxefD5src/cXhbBF9Gia7Llf61aWnCXSfm,Employee
25,Heather Gibbs,steven21@example.com,$2a$10$YvZWEO2jzLiAZdTu0hAPxefD5src/cXhbBF9Gia7Llf61aWnCXSfm,Admin
26,Christie Johnson,laurensanders@example.com,$2a$10$YvZWEO2jzLiAZdTu0hAPxefD5src/cXhbBF9Gia7Llf61aWnCXSfm,Employee
27,Lucas Cordova,garrisonnicole@example.com,$2a$10$YvZWEO2jzLiAZdTu0hAPxefD5src/cXhbBF9Gia7Llf61aWnCXSfm,Employee
28,Melanie Rush,sbecker@example.com,$2a$10$YvZWEO2jzLiAZdTu0hAPxefD5src/cXhbBF9Gia7Llf61aWnCXSfm,Employee
29,Sharon Hernandez,jason90@example.net,$2a$10$YvZWEO2jzLiAZdTu0hAPxefD5src/cXhbBF9Gia7Llf61aWnCXSfm,Admin
30,Aimee Welch,bwall@example.net,$2a$10$YvZWEO2jzLiAZdTu0hAPxefD5src/cXhbBF9Gia7Llf61aWnCXSfm,Admin
31,Taylor Ross,patrick03@example.org,$2a$10$YvZWEO2jzLiAZdTu0hAPxefD5src/cXhbBF9Gia7Llf61aWnCXSfm,Admin
32,Brian Williams,xlopez@example.net,$2a$10$YvZWEO2jzLiAZdTu0hAPxefD5src/cXhbBF9Gia7Llf61aWnCXSfm,Admin
33,Alex Hood,johnsonlindsay@example.net,$2a$10$YvZWEO2jzLiAZdTu0hAPxefD5src/cXhbBF9Gia7Llf61aWnCXSfm,Admin
34,Greg Carroll,harold55@example.net,$2a$10$YvZWEO2jzLiAZdTu0hAPxefD5src/cXhbBF9Gia7Llf61aWnCXSfm,Employee
35,Donna Young,lisa10@example.org,$2a$10$YvZWEO2jzLiAZdTu0hAPxefD5src/cXhbBF9Gia7Llf61aWnCXSfm,Employee
36,Katrina Mills,christopher14@example.org,$2a$10$YvZWEO2jzLiAZdTu0hAPxefD5src/cXhbBF9Gia7Llf61aWnCXSfm,Admin
37,Amanda Roth,jenniferrivera@example.com,$2a$10$YvZWEO2jzLiAZdTu0hAPxefD5src/cXhbBF9Gia7Llf61aWnCXSfm,Admin
38,Kristen Sullivan,susan32@example.net,$2a$10$YvZWEO2jzLiAZdTu0hAPxefD5src/cXhbBF9Gia7Llf61aWnCXSfm,Employee
39,Chad Munoz,hking@example.org,$2a$10$YvZWEO2jzLiAZdTu0hAPxefD5src/cXhbBF9Gia7Llf61aWnCXSfm,Employee
40,Duane Lopez,lewissean@example.org,$2a$10$YvZWEO2jzLiAZdTu0hAPxefD5src/cXhbBF9Gia7Llf61aWnCXSfm,Admin
41,Richard Stewart,samuel89@example.net,$2a$10$YvZWEO2jzLiAZdTu0hAPxefD5src/cXhbBF9Gia7Llf61aWnCXSfm,Employee
42,Brittany Williams,brandon01@example.com,$2a$10$YvZWEO2jzLiAZdTu0hAPxefD5src/cXhbBF9Gia7Llf61aWnCXSfm,Employee
43,Katherine Parker,darlene97@example.net,$2a$10$YvZWEO2jzLiAZdTu0hAPxefD5src/cXhbBF9Gia7Llf61aWnCXSfm,Employee
44,Shannon Hicks,william79@example.org,$2a$10$YvZWEO2jzLiAZdTu0hAPxefD5src/cXhbBF9Gia7Llf61aWnCXSfm,Admin
45,Steven King,larrypeterson@example.net,$2a$10$YvZWEO2jzLiAZdTu0hAPxefD5src/cXhbBF9Gia7Llf61aWnCXSfm,Admin
46,April Cooper,meyerjesse@example.com,$2a$10$YvZWEO2jzLiAZdTu0hAPxefD5src/cXhbBF9Gia7Llf61aWnCXSfm,Admin
47,Laura Hampton,delgadoshannon@example.com,$2a$10$YvZWEO2jzLiAZdTu0hAPxefD5src/cXhbBF9Gia7Llf61aWnCXSfm,Admin
48,Matthew Brewer,sarah85@example.net,$2a$10$YvZWEO2jzLiAZdTu0hAPxefD5src/cXhbBF9Gia7Llf61aWnCXSfm,Employee
49,Marcus Franco,sarah76@example.net,$2a$10$YvZWEO2jzLiAZdTu0hAPxefD5src/cXhbBF9Gia7Llf61aWnCXSfm,Admin
50,Taylor Moore,joseph27@example.net,$2a$10$YvZWEO2jzLiAZdTu0hAPxefD5src/cXhbBF9Gia7Llf61aWnCXSfm,Admin
51,Brittany Padilla,sloantaylor@example.net,$2a$10$YvZWEO2jzLiAZdTu0hAPxefD5src/cXhbBF9Gia7Llf61aWnCXSfm,Admin
52,Michael Flynn,crystalsimpson@example.com,$2a$10$YvZWEO2jzLiAZdTu0hAPxefD5src/cXhbBF9Gia7Llf61aWnCXSfm,Admin
53,Brooke Lopez,mrich@example.com,$2a$10$YvZWEO2jzLiAZdTu0hAPxefD5src/cXhbBF9Gia7Llf61aWnCXSfm,Employee
54,Brandon Smith,heatherdavidson@example.org,$2a$10$YvZWEO2jzLiAZdTu0hAPxefD5src/cXhbBF9Gia7Llf61aWnCXSfm,Employee
55,Kevin Williams,bmorgan@example.com,$2a$10$YvZWEO2jzLiAZdTu0hAPxefD5src/cXhbBF9Gia7Llf61aWnCXSfm,Employee
56,Cynthia Franklin,psmith@example.org,$2a$10$YvZWEO2jzLiAZdTu0hAPxefD5src/cXhbBF9Gia7Llf61aWnCXSfm,Admin
57,Vickie Marks,twalker@example.net,$2a$10$YvZWEO2jzLiAZdTu0hAPxefD5src/cXhbBF9Gia7Llf61aWnCXSfm,Employee
58,Jeffery Campbell,zpatel@example.net,$2a$10$YvZWEO2jzLiAZdTu0hAPxefD5src/cXhbBF9Gia7Llf61aWnCXSfm,Employee
59,Andrew Jackson,slong@example.net,$2a$10$YvZWEO2jzLiAZdTu0hAPxefD5src/cXhbBF9Gia7Llf61aWnCXSfm,Employee
60,Mary Glover,rachelsmith@example.net,$2a$10$YvZWEO2jzLiAZdTu0hAPxefD5src/cXhbBF9Gia7Llf61aWnCXSfm,Employee
61,Denise Walker,njames@example.net,$2a$10$YvZWEO2jzLiAZdTu0hAPxefD5src/cXhbBF9Gia7Llf61aWnCXSfm,Admin
62,Amy Rojas,mcgrathmark@example.net,$2a$10$YvZWEO2jzLiAZdTu0hAPxefD5src/cXhbBF9Gia7Llf61aWnCXSfm,Admin
63,Jennifer Perez,ewilliams@example.net,$2a$10$YvZWEO2jzLiAZdTu0hAPxefD5src/cXhbBF9Gia7Llf61aWnCXSfm,Employee
64,Donna Figueroa,xdavis@example.net,$2a$10$YvZWEO2jzLiAZdTu0hAPxefD5src/cXhbBF9Gia7Llf61aWnCXSfm,Employee
65,Kelli Jones,wilsonaaron@example.net,$2a$10$YvZWEO2jzLiAZdTu0hAPxefD5src/cXhbBF9Gia7Llf61aWnCXSfm,Employee
66,Joshua Olsen,farleymelissa@example.net,$2a$10$YvZWEO2jzLiAZdTu0hAPxefD5src/cXhbBF9Gia7Llf61aWnCXSfm,Employee
67,Ryan Norman,daniel61@example.net,$2a$10$YvZWEO2jzLiAZdTu0hAPxefD5src/cXhbBF9Gia7Llf61aWnCXSfm,Admin
68,Lance Turner,bakernicole@example.com,$2a$10$YvZWEO2jzLiAZdTu0hAPxefD5src/cXhbBF9Gia7Llf61aWnCXSfm,Admin
69,Joel Baker,kbartlett@example.net,$2a$10$YvZWEO2jzLiAZdTu0hAPxefD5src/cXhbBF9Gia7Llf61aWnCXSfm,Admin
70,Victoria Robbins,ashley52@example.org,$2a$10$YvZWEO2jzLiAZdTu0hAPxefD5src/cXhbBF9Gia7Llf61aWnCXSfm,Admin
71,Mrs. Ann Gardner,katieyork@example.com,$2a$10$YvZWEO2jzLiAZdTu0hAPxefD5src/cXhbBF9Gia7Llf61aWnCXSfm,Employee
72,Calvin Johnson,timothycortez@example.com,$2a$10$YvZWEO2jzLiAZdTu0hAPxefD5src/cXhbBF9Gia7Llf61aWnCXSfm,Admin
73,Jason Collins,emcclure@example.com,$2a$10$YvZWEO2jzLiAZdTu0hAPxefD5src/cXhbBF9Gia7Llf61aWnCXSfm,Admin
74,Jennifer Leblanc,bcook@example.com,$2a$10$YvZWEO2jzLiAZdTu0hAPxefD5src/cXhbBF9Gia7Llf61aWnCXSfm,Admin
75,Jacob Ward,nalvarez@example.net,$2a$10$YvZWEO2jzLiAZdTu0hAPxefD5src/cXhbBF9Gia7Llf61aWnCXSfm,Admin
76,Sarah Glenn,krodriguez@example.com,$2a$10$YvZWEO2jzLiAZdTu0hAPxefD5src/cXhbBF9Gia7Llf61aWnCXSfm,Admin
77,Richard Combs,oliverlydia@example.org,$2a$10$YvZWEO2jzLiAZdTu0hAPxefD5src/cXhbBF9Gia7Llf61aWnCXSfm,Employee
78,Jessica Stephens,mcarpenter@example.org,$2a$10$YvZWEO2jzLiAZdTu0hAPxefD5src/cXhbBF9Gia7Llf61aWnCXSfm,Admin
79,Kimberly Williams,amanda21@example.net,$2a$10$YvZWEO2jzLiAZdTu0hAPxefD5src/cXhbBF9Gia7Llf61aWnCXSfm,Admin
80,Shannon Thornton,russell25@example.net,$2a$10$YvZWEO2jzLiAZdTu0hAPxefD5src/cXhbBF9Gia7Llf61aWnCXSfm,Admin
81,Daniel Owens,carlgoodman@example.com,$2a$10$YvZWEO2jzLiAZdTu0hAPxefD5src/cXhbBF9Gia7Llf61aWnCXSfm,Employee
82,Thomas Greer,georgelutz@example.com,$2a$10$YvZWEO2jzLiAZdTu0hAPxefD5src/cXhbBF9Gia7Llf61aWnCXSfm,Admin
83,Christina Hopkins,ihill@example.com,$2a$10$YvZWEO2jzLiAZdTu0hAPxefD5src/cXhbBF9Gia7Llf61aWnCXSfm,Employee
84,Courtney Houston,franklinkaren@example.com,$2a$10$YvZWEO2jzLiAZdTu0hAPxefD5src/cXhbBF9Gia7Llf61aWnCXSfm,Employee
85,Melissa Myers,ogolden@example.com,$2a$10$YvZWEO2jzLiAZdTu0hAPxefD5src/cXhbBF9Gia7Llf61aWnCXSfm,Employee
86,Kristy Alvarez,lowedavid@example.org,$2a$10$YvZWEO2jzLiAZdTu0hAPxefD5src/cXhbBF9Gia7Llf61aWnCXSfm,Admin
87,William Gonzalez,cdixon@example.net,$2a$10$YvZWEO2jzLiAZdTu0hAPxefD5src/cXhbBF9Gia7Llf61aWnCXSfm,Admin
88,John Mejia,sheliabaker@example.org,$2a$10$YvZWEO2jzLiAZdTu0hAPxefD5src/cXhbBF9Gia7Llf61aWnCXSfm,Admin
89,Nancy Bell,johnbailey@example.org,$2a$10$YvZWEO2jzLiAZdTu0hAPxefD5src/cXhbBF9Gia7Llf61aWnCXSfm,Employee
90,Jessica Burke,martindaniels@example.org,$2a$10$YvZWEO2jzLiAZdTu0hAPxefD5src/cXhbBF9Gia7Llf61aWnCXSfm,Admin
91,Mark Gibson,anthony26@example.net,$2a$10$YvZWEO2jzLiAZdTu0hAPxefD5src/cXhbBF9Gia7Llf61aWnCXSfm,Admin
92,Amy Garcia,jefferyoneill@example.com,$2a$10$YvZWEO2jzLiAZdTu0hAPxefD5src/cXhbBF9Gia7Llf61aWnCXSfm,Admin
93,James Reese,howard42@example.com,$2a$10$YvZWEO2jzLiAZdTu0hAPxefD5src/cXhbBF9Gia7Llf61aWnCXSfm,Admin
94,Timothy Grimes,sean59@example.org,$2a$10$YvZWEO2jzLiAZdTu0hAPxefD5src/cXhbBF9Gia7Llf61aWnCXSfm,Employee
95,Rachel Conner,ywilliams@example.net,$2a$10$YvZWEO2jzLiAZdTu0hAPxefD5src/cXhbBF9Gia7Llf61aWnCXSfm,Admin
96,Amanda Mcguire,elizabethwelch@example.com,$2a$10$YvZWEO2jzLiAZdTu0hAPxefD5src/cXhbBF9Gia7Llf61aWnCXSfm,Employee
97,Pamela Hull,anngreene@example.net,$2a$10$YvZWEO2jzLiAZdTu0hAPxefD5src/cXhbBF9Gia7Llf61aWnCXSfm,Admin
98,Colton Collins,chloemckenzie@example.com,$2a$10$YvZWEO2jzLiAZdTu0hAPxefD5src/cXhbBF9Gia7Llf61aWnCXSfm,Admin
99,Shannon Fletcher,samanthafoster@example.org,$2a$10$YvZWEO2jzLiAZdTu0hAPxefD5src/cXhbBF9Gia7Llf61aWnCXSfm,Employee
100,Sean Santos,grantedward@example.org,$2a$10$YvZWEO2jzLiAZdTu0hAPxefD5src/cXhbBF9Gia7Llf61aWnCXSfm,Employee
101,Lindsay Holland,qmcdonald@example.net,$2a$10$YvZWEO2jzLiAZdTu0hAPxefD5src/cXhbBF9Gia7Llf61aWnCXSfm,Employee
102,Anna Duncan,richard67@example.org,$2a$10$YvZWEO2jzLiAZdTu0hAPxefD5src/cXhbBF9Gia7Llf61aWnCXSfm,Admin
103,Samuel Byrd,alanmiller@example.org,$2a$10$YvZWEO2jzLiAZdTu0hAPxefD5src/cXhbBF9Gia7Llf61aWnCXSfm,Admin
104,Diane Morris,joshuamoore@example.net,$2a$10$YvZWEO2jzLiAZdTu0hAPxefD5src/cXhbBF9Gia7Llf61aWnCXSfm,Admin
105,Paula Baldwin,dmarshall@example.com,$2a$10$YvZWEO2jzLiAZdTu0hAPxefD5src/cXhbBF9Gia7Llf61aWnCXSfm,Employee
106,Alexandria Elliott,judith24@example.net,$2a$10$YvZWEO2jzLiAZdTu0hAPxefD5src/cXhbBF9Gia7Llf61aWnCXSfm,Admin
107,April Fischer,janicelong@example.net,$2a$10$YvZWEO2jzLiAZdTu0hAPxefD5src/cXhbBF9Gia7Llf61aWnCXSfm,Employee
108,Andrew Stevenson,christinecraig@example.net,$2a$10$YvZWEO2jzLiAZdTu0hAPxefD5src/cXhbBF9Gia7Llf61aWnCXSfm,Employee
109,Kristina Baker,andersonjose@example.com,$2a$10$YvZWEO2jzLiAZdTu0hAPxefD5src/cXhbBF9Gia7Llf61aWnCXSfm,Admin
110,Gerald Gonzalez,johnsonsabrina@example.com,$2a$10$YvZWEO2jzLiAZdTu0hAPxefD5src/cXhbBF9Gia7Llf61aWnCXSfm,Admin
111,Thomas Boyd Jr.,jmccarty@example.com,$2a$10$YvZWEO2jzLiAZdTu0hAPxefD5src/cXhbBF9Gia7Llf61aWnCXSfm,Employee
112,Samuel Salazar MD,jensenkayla@example.com,$2a$10$YvZWEO2jzLiAZdTu0hAPxefD5src/cXhbBF9Gia7Llf61aWnCXSfm,Employee
113,James Manning,kellysanchez@example.org,$2a$10$YvZWEO2jzLiAZdTu0hAPxefD5src/cXhbBF9Gia7Llf61aWnCXSfm,Employee
114,Kelly David,paul95@example.net,$2a$10$YvZWEO2jzLiAZdTu0hAPxefD5src/cXhbBF9Gia7Llf61aWnCXSfm,Admin
115,Erin Jordan,gnewman@example.com,$2a$10$YvZWEO2jzLiAZdTu0hAPxefD5src/cXhbBF9Gia7Llf61aWnCXSfm,Employee
116,Michelle Garcia,sarah07@example.com,$2a$10$YvZWEO2jzLiAZdTu0hAPxefD5src/cXhbBF9Gia7Llf61aWnCXSfm,Employee
117,George Moore,jennifer99@example.net,$2a$10$YvZWEO2jzLiAZdTu0hAPxefD5src/cXhbBF9Gia7Llf61aWnCXSfm,Employee
118,Crystal Harris,ocraig@example.com,$2a$10$YvZWEO2jzLiAZdTu0hAPxefD5src/cXhbBF9Gia7Llf61aWnCXSfm,Employee
119,Michelle Hunt,salazardavid@example.net,$2a$10$YvZWEO2jzLiAZdTu0hAPxefD5src/cXhbBF9Gia7Llf61aWnCXSfm,Admin
120,Benjamin Perez,kathleen41@example.org,$2a$10$YvZWEO2jzLiAZdTu0hAPxefD5src/cXhbBF9Gia7Llf61aWnCXSfm,Employee
121,Derek Henderson,joshuanelson@example.net,$2a$10$YvZWEO2jzLiAZdTu0hAPxefD5src/cXhbBF9Gia7Llf61aWnCXSfm,Admin
122,Calvin Williams,hunter17@example.net,$2a$10$YvZWEO2jzLiAZdTu0hAPxefD5src/cXhbBF9Gia7Llf61aWnCXSfm,Employee
123,Joshua Burton,kimberlymedina@example.org,$2a$10$YvZWEO2jzLiAZdTu0hAPxefD5src/cXhbBF9Gia7Llf61aWnCXSfm,Admin
124,Isabella Taylor,bvega@example.com,$2a$10$YvZWEO2jzLiAZdTu0hAPxefD5src/cXhbBF9Gia7Llf61aWnCXSfm,Employee
125,Andrew Prince,wheelerpaul@example.net,$2a$10$YvZWEO2jzLiAZdTu0hAPxefD5src/cXhbBF9Gia7Llf61aWnCXSfm,Admin
126,Edward Allen,cheryl46@example.org,$2a$10$YvZWEO2jzLiAZdTu0hAPxefD5src/cXhbBF9Gia7Llf61aWnCXSfm,Admin
127,Edwin Howell,mendozakaren@example.org,$2a$10$YvZWEO2jzLiAZdTu0hAPxefD5src/cXhbBF9Gia7Llf61aWnCXSfm,Employee
128,Jonathan Washington,raymondparker@example.org,$2a$10$YvZWEO2jzLiAZdTu0hAPxefD5src/cXhbBF9Gia7Llf61aWnCXSfm,Admin
129,Rodney Walker,bbutler@example.org,$2a$10$YvZWEO2jzLiAZdTu0hAPxefD5src/cXhbBF9Gia7Llf61aWnCXSfm,Admin
130,Steve Simmons,luis54@example.com,$2a$10$YvZWEO2jzLiAZdTu0hAPxefD5src/cXhbBF9Gia7Llf61aWnCXSfm,Admin
131,Melissa Allen,alexanderbush@example.org,$2a$10$YvZWEO2jzLiAZdTu0hAPxefD5src/cXhbBF9Gia7Llf61aWnCXSfm,Admin
132,Vernon Krueger,theresavasquez@example.org,$2a$10$YvZWEO2jzLiAZdTu0hAPxefD5src/cXhbBF9Gia7Llf61aWnCXSfm,Admin
133,Eric Johnson,paulahanson@example.com,$2a$10$YvZWEO2jzLiAZdTu0hAPxefD5src/cXhbBF9Gia7Llf61aWnCXSfm,Admin
134,Denise Weber,powens@example.com,$2a$10$YvZWEO2jzLiAZdTu0hAPxefD5src/cXhbBF9Gia7Llf61aWnCXSfm,Employee
135,Steven Smith,alicia34@example.com,$2a$10$YvZWEO2jzLiAZdTu0hAPxefD5src/cXhbBF9Gia7Llf61aWnCXSfm,Admin
136,Terry Carroll,jenny45@example.org,$2a$10$YvZWEO2jzLiAZdTu0hAPxefD5src/cXhbBF9Gia7Llf61aWnCXSfm,Admin
137,Miranda Cummings,christopher70@example.net,$2a$10$YvZWEO2jzLiAZdTu0hAPxefD5src/cXhbBF9Gia7Llf61aWnCXSfm,Admin
138,Ray Finley,glendacruz@example.net,$2a$10$YvZWEO2jzLiAZdTu0hAPxefD5src/cXhbBF9Gia7Llf61aWnCXSfm,Admin
139,Joshua Adams,holly11@example.net,$2a$10$YvZWEO2jzLiAZdTu0hAPxefD5src/cXhbBF9Gia7Llf61aWnCXSfm,Admin
140,Daniel Harmon,johnnyphillips@example.org,$2a$10$YvZWEO2jzLiAZdTu0hAPxefD5src/cXhbBF9Gia7Llf61aWnCXSfm,Admin
141,Jill Yang,adamburgess@example.org,$2a$10$YvZWEO2jzLiAZdTu0hAPxefD5src/cXhbBF9Gia7Llf61aWnCXSfm,Admin
142,Tom Russell,hholloway@example.com,$2a$10$YvZWEO2jzLiAZdTu0hAPxefD5src/cXhbBF9Gia7Llf61aWnCXSfm,Employee
143,Nathaniel Ayers,jbrady@example.org,$2a$10$YvZWEO2jzLiAZdTu0hAPxefD5src/cXhbBF9Gia7Llf61aWnCXSfm,Admin
144,Terry Spears,alvarezdeborah@example.org,$2a$10$YvZWEO2jzLiAZdTu0hAPxefD5src/cXhbBF9Gia7Llf61aWnCXSfm,Admin
145,Brenda Frank,linda86@example.com,$2a$10$YvZWEO2jzLiAZdTu0hAPxefD5src/cXhbBF9Gia7Llf61aWnCXSfm,Admin
146,Karen Osborne,qburton@example.org,$2a$10$YvZWEO2jzLiAZdTu0hAPxefD5src/cXhbBF9Gia7Llf61aWnCXSfm,Employee
147,Carol Burch,angelamack@example.org,$2a$10$YvZWEO2jzLiAZdTu0hAPxefD5src/cXhbBF9Gia7Llf61aWnCXSfm,Employee
148,Becky Ortiz,david24@example.com,$2a$10$YvZWEO2jzLiAZdTu0hAPxefD5src/cXhbBF9Gia7Llf61aWnCXSfm,Admin
149,Dana Burke,idominguez@example.org,$2a$10$YvZWEO2jzLiAZdTu0hAPxefD5src/cXhbBF9Gia7Llf61aWnCXSfm,Employee
150,Ian Davidson,deborah28@example.net,$2a$10$YvZWEO2jzLiAZdTu0hAPxefD5src/cXhbBF9Gia7Llf61aWnCXSfm,Employee
151,Gary Bowen,nicholasbautista@example.net,$2a$10$YvZWEO2jzLiAZdTu0hAPxefD5src/cXhbBF9Gia7Llf61aWnCXSfm,Admin
152,Patricia Andrews,tommy43@example.net,$2a$10$YvZWEO2jzLiAZdTu0hAPxefD5src/cXhbBF9Gia7Llf61aWnCXSfm,Admin
153,Emily Gregory,wmoore@example.net,$2a$10$YvZWEO2jzLiAZdTu0hAPxefD5src/cXhbBF9Gia7Llf61aWnCXSfm,Employee
154,Danielle Anderson,ytaylor@example.com,$2a$10$YvZWEO2jzLiAZdTu0hAPxefD5src/cXhbBF9Gia7Llf61aWnCXSfm,Admin
155,Eugene Moore,blakekathy@example.net,$2a$10$YvZWEO2jzLiAZdTu0hAPxefD5src/cXhbBF9Gia7Llf61aWnCXSfm,Employee
156,Shawn Sanchez,zachary16@example.com,$2a$10$YvZWEO2jzLiAZdTu0hAPxefD5src/cXhbBF9Gia7Llf61aWnCXSfm,Admin
157,Penny Fox,dana84@example.com,$2a$10$YvZWEO2jzLiAZdTu0hAPxefD5src/cXhbBF9Gia7Llf61aWnCXSfm,Employee
158,Lori Garrett,dunncrystal@example.com,$2a$10$YvZWEO2jzLiAZdTu0hAPxefD5src/cXhbBF9Gia7Llf61aWnCXSfm,Employee
159,Nathan Osborne,krystalrose@example.net,$2a$10$YvZWEO2jzLiAZdTu0hAPxefD5src/cXhbBF9Gia7Llf61aWnCXSfm,Employee
160,Nathan Thomas,brendahorton@example.com,$2a$10$YvZWEO2jzLiAZdTu0hAPxefD5src/cXhbBF9Gia7Llf61aWnCXSfm,Employee
161,Victoria Morrison,cerickson@example.org,$2a$10$YvZWEO2jzLiAZdTu0hAPxefD5src/cXhbBF9Gia7Llf61aWnCXSfm,Employee
162,Joseph Hayes,daniel65@example.org,$2a$10$YvZWEO2jzLiAZdTu0hAPxefD5src/cXhbBF9Gia7Llf61aWnCXSfm,Admin
163,Benjamin Holmes,andersondarryl@example.net,$2a$10$YvZWEO2jzLiAZdTu0hAPxefD5src/cXhbBF9Gia7Llf61aWnCXSfm,Admin
164,Lisa Moore,craigsmith@example.net,$2a$10$YvZWEO2jzLiAZdTu0hAPxefD5src/cXhbBF9Gia7Llf61aWnCXSfm,Admin
165,Nicole Moore DVM,wilsonjuan@example.org,$2a$10$YvZWEO2jzLiAZdTu0hAPxefD5src/cXhbBF9Gia7Llf61aWnCXSfm,Admin
166,Miss Emily Turner,nhicks@example.org,$2a$10$YvZWEO2jzLiAZdTu0hAPxefD5src/cXhbBF9Gia7Llf61aWnCXSfm,Admin
167,Jacob Allen,julie48@example.org,$2a$10$YvZWEO2jzLiAZdTu0hAPxefD5src/cXhbBF9Gia7Llf61aWnCXSfm,Admin
168,Russell Brooks,holtangela@example.com,$2a$10$YvZWEO2jzLiAZdTu0hAPxefD5src/cXhbBF9Gia7Llf61aWnCXSfm,Admin
169,David Howard,yvonne82@example.net,$2a$10$YvZWEO2jzLiAZdTu0hAPxefD5src/cXhbBF9Gia7Llf61aWnCXSfm,Employee
170,John Wright,lpowell@example.org,$2a$10$YvZWEO2jzLiAZdTu0hAPxefD5src/cXhbBF9Gia7Llf61aWnCXSfm,Admin
171,Timothy Jackson DVM,victoria01@example.org,$2a$10$YvZWEO2jzLiAZdTu0hAPxefD5src/cXhbBF9Gia7Llf61aWnCXSfm,Employee
172,Erin Sawyer,adamsjoseph@example.org,$2a$10$YvZWEO2jzLiAZdTu0hAPxefD5src/cXhbBF9Gia7Llf61aWnCXSfm,Employee
173,Kristie Rush,umcbride@example.net,$2a$10$YvZWEO2jzLiAZdTu0hAPxefD5src/cXhbBF9Gia7Llf61aWnCXSfm,Admin
174,David Santana,david40@example.com,$2a$10$YvZWEO2jzLiAZdTu0hAPxefD5src/cXhbBF9Gia7Llf61aWnCXSfm,Employee
175,Brent Miller,andrewnguyen@example.org,$2a$10$YvZWEO2jzLiAZdTu0hAPxefD5src/cXhbBF9Gia7Llf61aWnCXSfm,Admin
176,Dylan Bush,vincentlandry@example.net,$2a$10$YvZWEO2jzLiAZdTu0hAPxefD5src/cXhbBF9Gia7Llf61aWnCXSfm,Admin
177,Brent Vincent,daviskimberly@example.com,$2a$10$YvZWEO2jzLiAZdTu0hAPxefD5src/cXhbBF9Gia7Llf61aWnCXSfm,Employee
178,Margaret Lloyd,brandon41@example.net,$2a$10$YvZWEO2jzLiAZdTu0hAPxefD5src/cXhbBF9Gia7Llf61aWnCXSfm,Admin
179,Ryan Wallace,amy38@example.com,$2a$10$YvZWEO2jzLiAZdTu0hAPxefD5src/cXhbBF9Gia7Llf61aWnCXSfm,Employee
180,David Bush,cole63@example.org,$2a$10$YvZWEO2jzLiAZdTu0hAPxefD5src/cXhbBF9Gia7Llf61aWnCXSfm,Employee
181,Derek Newman,elizabeth98@example.com,$2a$10$YvZWEO2jzLiAZdTu0hAPxefD5src/cXhbBF9Gia7Llf61aWnCXSfm,Employee
182,Stephanie Miller,josephcannon@example.com,$2a$10$YvZWEO2jzLiAZdTu0hAPxefD5src/cXhbBF9Gia7Llf61aWnCXSfm,Admin
183,Michael Walters,hcampbell@example.org,$2a$10$YvZWEO2jzLiAZdTu0hAPxefD5src/cXhbBF9Gia7Llf61aWnCXSfm,Admin
184,Laura Fernandez,peter80@example.com,$2a$10$YvZWEO2jzLiAZdTu0hAPxefD5src/cXhbBF9Gia7Llf61aWnCXSfm,Admin
185,Leah Robinson,catherinejacobs@example.net,$2a$10$YvZWEO2jzLiAZdTu0hAPxefD5src/cXhbBF9Gia7Llf61aWnCXSfm,Admin
186,Jill Todd,meredithortega@example.com,$2a$10$YvZWEO2jzLiAZdTu0hAPxefD5src/cXhbBF9Gia7Llf61aWnCXSfm,Admin
187,Johnny Scott,dluna@example.net,$2a$10$YvZWEO2jzLiAZdTu0hAPxefD5src/cXhbBF9Gia7Llf61aWnCXSfm,Admin
188,Elizabeth Walker,pamela06@example.net,$2a$10$YvZWEO2jzLiAZdTu0hAPxefD5src/cXhbBF9Gia7Llf61aWnCXSfm,Admin
189,Cody Allen,rpeters@example.com,$2a$10$YvZWEO2jzLiAZdTu0hAPxefD5src/cXhbBF9Gia7Llf61aWnCXSfm,Admin
190,Lawrence Miller,markmccann@example.com,$2a$10$YvZWEO2jzLiAZdTu0hAPxefD5src/cXhbBF9Gia7Llf61aWnCXSfm,Employee
191,Megan Arnold,frank46@example.org,$2a$10$YvZWEO2jzLiAZdTu0hAPxefD5src/cXhbBF9Gia7Llf61aWnCXSfm,Admin
192,Anthony Smith,jessica92@example.com,$2a$10$YvZWEO2jzLiAZdTu0hAPxefD5src/cXhbBF9Gia7Llf61aWnCXSfm,Employee
193,Logan Gordon,erica84@example.org,$2a$10$YvZWEO2jzLiAZdTu0hAPxefD5src/cXhbBF9Gia7Llf61aWnCXSfm,Employee
194,Bryan Mathis,robertbenson@example.com,$2a$10$YvZWEO2jzLiAZdTu0hAPxefD5src/cXhbBF9Gia7Llf61aWnCXSfm,Employee
195,Lucas Jacobs,qdixon@example.org,$2a$10$YvZWEO2jzLiAZdTu0hAPxefD5src/cXhbBF9Gia7Llf61aWnCXSfm,Admin
196,Chad Mccoy,orozcokayla@example.org,$2a$10$YvZWEO2jzLiAZdTu0hAPxefD5src/cXhbBF9Gia7Llf61aWnCXSfm,Admin
197,Michael Johnson,znunez@example.org,$2a$10$YvZWEO2jzLiAZdTu0hAPxefD5src/cXhbBF9Gia7Llf61aWnCXSfm,Admin
198,Brandon Davis,frank11@example.net,$2a$10$YvZWEO2jzLiAZdTu0hAPxefD5src/cXhbBF9Gia7Llf61aWnCXSfm,Admin
199,Daniel Martinez,whitenathan@example.net,$2a$10$YvZWEO2jzLiAZdTu0hAPxefD5src/cXhbBF9Gia7Llf61aWnCXSfm,Employee
200,Kevin Brown,williamsoncollin@example.org,$2a$10$YvZWEO2jzLiAZdTu0hAPxefD5src/cXhbBF9Gia7Llf61aWnCXSfm,Employee
201,Jason Wood,christopher47@example.com,$2a$10$YvZWEO2jzLiAZdTu0hAPxefD5src/cXhbBF9Gia7Llf61aWnCXSfm,Admin
202,Amber Blackburn,jacob31@example.com,$2a$10$YvZWEO2jzLiAZdTu0hAPxefD5src/cXhbBF9Gia7Llf61aWnCXSfm,Employee
203,Amanda Jennings,justinwilkerson@example.org,$2a$10$YvZWEO2jzLiAZdTu0hAPxefD5src/cXhbBF9Gia7Llf61aWnCXSfm,Employee
204,Zachary Phillips,zdoyle@example.net,$2a$10$YvZWEO2jzLiAZdTu0hAPxefD5src/cXhbBF9Gia7Llf61aWnCXSfm,Employee
205,Brian Johnson,kgonzalez@example.com,$2a$10$YvZWEO2jzLiAZdTu0hAPxefD5src/cXhbBF9Gia7Llf61aWnCXSfm,Employee
206,George Bass,heathstacey@example.org,$2a$10$YvZWEO2jzLiAZdTu0hAPxefD5src/cXhbBF9Gia7Llf61aWnCXSfm,Admin
207,Jared Bowen,martinezelizabeth@example.net,$2a$10$YvZWEO2jzLiAZdTu0hAPxefD5src/cXhbBF9Gia7Llf61aWnCXSfm,Admin
208,Amy Padilla,snydersue@example.com,$2a$10$YvZWEO2jzLiAZdTu0hAPxefD5src/cXhbBF9Gia7Llf61aWnCXSfm,Employee
209,Danny Sawyer,fritzjoseph@example.net,$2a$10$YvZWEO2jzLiAZdTu0hAPxefD5src/cXhbBF9Gia7Llf61aWnCXSfm,Employee
210,Joe Cole,loganhartman@example.com,$2a$10$YvZWEO2jzLiAZdTu0hAPxefD5src/cXhbBF9Gia7Llf61aWnCXSfm,Admin
211,Scott Barber,smoore@example.net,$2a$10$YvZWEO2jzLiAZdTu0hAPxefD5src/cXhbBF9Gia7Llf61aWnCXSfm,Employee
212,Matthew Lopez,lozanojames@example.org,$2a$10$YvZWEO2jzLiAZdTu0hAPxefD5src/cXhbBF9Gia7Llf61aWnCXSfm,Admin
213,Lisa Curtis,crystalmedina@example.com,$2a$10$YvZWEO2jzLiAZdTu0hAPxefD5src/cXhbBF9Gia7Llf61aWnCXSfm,Employee
214,Janet Smith,blopez@example.com,$2a$10$YvZWEO2jzLiAZdTu0hAPxefD5src/cXhbBF9Gia7Llf61aWnCXSfm,Admin
215,Keith Hall,cobrien@example.net,$2a$10$YvZWEO2jzLiAZdTu0hAPxefD5src/cXhbBF9Gia7Llf61aWnCXSfm,Admin
216,Wendy Thompson,jessica05@example.com,$2a$10$YvZWEO2jzLiAZdTu0hAPxefD5src/cXhbBF9Gia7Llf61aWnCXSfm,Employee
217,Julia Morales,patricia47@example.com,$2a$10$YvZWEO2jzLiAZdTu0hAPxefD5src/cXhbBF9Gia7Llf61aWnCXSfm,Admin
218,Brooke Jackson,nicholashunter@example.org,$2a$10$YvZWEO2jzLiAZdTu0hAPxefD5src/cXhbBF9Gia7Llf61aWnCXSfm,Admin
219,Robert Jimenez,andreacoleman@example.org,$2a$10$YvZWEO2jzLiAZdTu0hAPxefD5src/cXhbBF9Gia7Llf61aWnCXSfm,Employee
220,Veronica Ponce,olivia87@example.net,$2a$10$YvZWEO2jzLiAZdTu0hAPxefD5src/cXhbBF9Gia7Llf61aWnCXSfm,Employee
221,Jonathan Grant,hollyvasquez@example.net,$2a$10$YvZWEO2jzLiAZdTu0hAPxefD5src/cXhbBF9Gia7Llf61aWnCXSfm,Employee
222,Matthew Reed,christina27@example.org,$2a$10$YvZWEO2jzLiAZdTu0hAPxefD5src/cXhbBF9Gia7Llf61aWnCXSfm,Admin
223,Mr. Patrick Luna MD,lflowers@example.org,$2a$10$YvZWEO2jzLiAZdTu0hAPxefD5src/cXhbBF9Gia7Llf61aWnCXSfm,Admin
224,Evan Montgomery,xramirez@example.net,$2a$10$YvZWEO2jzLiAZdTu0hAPxefD5src/cXhbBF9Gia7Llf61aWnCXSfm,Employee
225,Brett Beltran,kimberlygarcia@example.org,$2a$10$YvZWEO2jzLiAZdTu0hAPxefD5src/cXhbBF9Gia7Llf61aWnCXSfm,Employee
226,Kari Jones,david62@example.org,$2a$10$YvZWEO2jzLiAZdTu0hAPxefD5src/cXhbBF9Gia7Llf61aWnCXSfm,Employee
227,Sean Arnold DDS,thomas04@example.com,$2a$10$YvZWEO2jzLiAZdTu0hAPxefD5src/cXhbBF9Gia7Llf61aWnCXSfm,Employee
228,Jennifer Mendez,kingsamantha@example.net,$2a$10$YvZWEO2jzLiAZdTu0hAPxefD5src/cXhbBF9Gia7Llf61aWnCXSfm,Admin
229,Diana Perez,jeffreyreynolds@example.org,$2a$10$YvZWEO2jzLiAZdTu0hAPxefD5src/cXhbBF9Gia7Llf61aWnCXSfm,Employee
230,Victoria Mclaughlin,fergusonjeffrey@example.com,$2a$10$YvZWEO2jzLiAZdTu0hAPxefD5src/cXhbBF9Gia7Llf61aWnCXSfm,Employee
231,Mary Malone,skinneranthony@example.net,$2a$10$YvZWEO2jzLiAZdTu0hAPxefD5src/cXhbBF9Gia7Llf61aWnCXSfm,Admin
232,Cheryl Melton,campbellheather@example.org,$2a$10$YvZWEO2jzLiAZdTu0hAPxefD5src/cXhbBF9Gia7Llf61aWnCXSfm,Employee
233,Danielle Boyd,cchambers@example.net,$2a$10$YvZWEO2jzLiAZdTu0hAPxefD5src/cXhbBF9Gia7Llf61aWnCXSfm,Employee
234,Curtis Lopez,pattersonnicole@example.net,$2a$10$YvZWEO2jzLiAZdTu0hAPxefD5src/cXhbBF9Gia7Llf61aWnCXSfm,Employee
235,Jesse Sharp,kurt31@example.org,$2a$10$YvZWEO2jzLiAZdTu0hAPxefD5src/cXhbBF9Gia7Llf61aWnCXSfm,Admin
236,Mary Johnson,rojaskristen@example.net,$2a$10$YvZWEO2jzLiAZdTu0hAPxefD5src/cXhbBF9Gia7Llf61aWnCXSfm,Employee
237,Daniel Anderson,millerdanielle@example.org,$2a$10$YvZWEO2jzLiAZdTu0hAPxefD5src/cXhbBF9Gia7Llf61aWnCXSfm,Employee
238,Steven Wilson,jefferywatts@example.com,$2a$10$YvZWEO2jzLiAZdTu0hAPxefD5src/cXhbBF9Gia7Llf61aWnCXSfm,Employee
239,Brittany Gomez,hartmark@example.org,$2a$10$YvZWEO2jzLiAZdTu0hAPxefD5src/cXhbBF9Gia7Llf61aWnCXSfm,Employee
240,Keith Watson,sarahrios@example.org,$2a$10$YvZWEO2jzLiAZdTu0hAPxefD5src/cXhbBF9Gia7Llf61aWnCXSfm,Admin
241,Linda Brown,kristina40@example.net,$2a$10$YvZWEO2jzLiAZdTu0hAPxefD5src/cXhbBF9Gia7Llf61aWnCXSfm,Admin
242,Thomas Bonilla,carpenterjill@example.org,$2a$10$YvZWEO2jzLiAZdTu0hAPxefD5src/cXhbBF9Gia7Llf61aWnCXSfm,Admin
243,Sue Davis,pcuevas@example.net,$2a$10$YvZWEO2jzLiAZdTu0hAPxefD5src/cXhbBF9Gia7Llf61aWnCXSfm,Employee
244,Joshua Smith,waltersheidi@example.com,$2a$10$YvZWEO2jzLiAZdTu0hAPxefD5src/cXhbBF9Gia7Llf61aWnCXSfm,Admin
245,Daniel Blanchard,brandonsmith@example.org,$2a$10$YvZWEO2jzLiAZdTu0hAPxefD5src/cXhbBF9Gia7Llf61aWnCXSfm,Admin
246,Diana Kelly,darmstrong@example.net,$2a$10$YvZWEO2jzLiAZdTu0hAPxefD5src/cXhbBF9Gia7Llf61aWnCXSfm,Employee
247,Meredith Ross,andrewreyes@example.org,$2a$10$YvZWEO2jzLiAZdTu0hAPxefD5src/cXhbBF9Gia7Llf61aWnCXSfm,Admin
248,Bernard Jefferson,loganortiz@example.com,$2a$10$YvZWEO2jzLiAZdTu0hAPxefD5src/cXhbBF9Gia7Llf61aWnCXSfm,Employee
249,Daniel Collins,conradpatricia@example.com,$2a$10$YvZWEO2jzLiAZdTu0hAPxefD5src/cXhbBF9Gia7Llf61aWnCXSfm,Admin
250,Kim Mitchell,goodchris@example.org,$2a$10$YvZWEO2jzLiAZdTu0hAPxefD5src/cXhbBF9Gia7Llf61aWnCXSfm,Employee
251,Tiffany Williams,christinamoore@example.com,$2a$10$YvZWEO2jzLiAZdTu0hAPxefD5src/cXhbBF9Gia7Llf61aWnCXSfm,Employee
252,Linda Martinez,hardycharles@example.org,$2a$10$YvZWEO2jzLiAZdTu0hAPxefD5src/cXhbBF9Gia7Llf61aWnCXSfm,Employee
253,Sean Williams,anthony43@example.com,$2a$10$YvZWEO2jzLiAZdTu0hAPxefD5src/cXhbBF9Gia7Llf61aWnCXSfm,Admin
254,Christopher Koch,daniellewhite@example.org,$2a$10$YvZWEO2jzLiAZdTu0hAPxefD5src/cXhbBF9Gia7Llf61aWnCXSfm,Admin
255,Donald Gregory,kristi80@example.com,$2a$10$YvZWEO2jzLiAZdTu0hAPxefD5src/cXhbBF9Gia7Llf61aWnCXSfm,Admin
256,Mark Hudson,bhamilton@example.com,$2a$10$YvZWEO2jzLiAZdTu0hAPxefD5src/cXhbBF9Gia7Llf61aWnCXSfm,Employee
257,Alexis Nichols,amy97@example.org,$2a$10$YvZWEO2jzLiAZdTu0hAPxefD5src/cXhbBF9Gia7Llf61aWnCXSfm,Employee
258,Molly Garrison,igarcia@example.org,$2a$10$YvZWEO2jzLiAZdTu0hAPxefD5src/cXhbBF9Gia7Llf61aWnCXSfm,Employee
259,David Skinner,joyce45@example.org,$2a$10$YvZWEO2jzLiAZdTu0hAPxefD5src/cXhbBF9Gia7Llf61aWnCXSfm,Employee
260,Felicia Allen,carlos40@example.com,$2a$10$YvZWEO2jzLiAZdTu0hAPxefD5src/cXhbBF9Gia7Llf61aWnCXSfm,Employee
261,Courtney Navarro,matthew28@example.org,$2a$10$YvZWEO2jzLiAZdTu0hAPxefD5src/cXhbBF9Gia7Llf61aWnCXSfm,Admin
262,Tammy Park,kellylopez@example.com,$2a$10$YvZWEO2jzLiAZdTu0hAPxefD5src/cXhbBF9Gia7Llf61aWnCXSfm,Admin
263,Joseph Morris,kelseykeller@example.com,$2a$10$YvZWEO2jzLiAZdTu0hAPxefD5src/cXhbBF9Gia7Llf61aWnCXSfm,Admin
264,Justin Lopez,jimmyanderson@example.org,$2a$10$YvZWEO2jzLiAZdTu0hAPxefD5src/cXhbBF9Gia7Llf61aWnCXSfm,Admin
265,Tiffany Savage,margaret61@example.net,$2a$10$YvZWEO2jzLiAZdTu0hAPxefD5src/cXhbBF9Gia7Llf61aWnCXSfm,Admin
266,James Marshall,kevin76@example.org,$2a$10$YvZWEO2jzLiAZdTu0hAPxefD5src/cXhbBF9Gia7Llf61aWnCXSfm,Admin
267,Nicholas James,saraleblanc@example.net,$2a$10$YvZWEO2jzLiAZdTu0hAPxefD5src/cXhbBF9Gia7Llf61aWnCXSfm,Admin
268,Susan Thompson,rpham@example.org,$2a$10$YvZWEO2jzLiAZdTu0hAPxefD5src/cXhbBF9Gia7Llf61aWnCXSfm,Employee
269,Darren Rhodes,matthew36@example.org,$2a$10$YvZWEO2jzLiAZdTu0hAPxefD5src/cXhbBF9Gia7Llf61aWnCXSfm,Employee
270,William Clay,conniehancock@example.com,$2a$10$YvZWEO2jzLiAZdTu0hAPxefD5src/cXhbBF9Gia7Llf61aWnCXSfm,Employee
271,Paula Thompson,gford@example.net,$2a$10$YvZWEO2jzLiAZdTu0hAPxefD5src/cXhbBF9Gia7Llf61aWnCXSfm,Admin
272,Linda Stone,kmeyer@example.net,$2a$10$YvZWEO2jzLiAZdTu0hAPxefD5src/cXhbBF9Gia7Llf61aWnCXSfm,Employee
273,Larry Wu,william17@example.com,$2a$10$YvZWEO2jzLiAZdTu0hAPxefD5src/cXhbBF9Gia7Llf61aWnCXSfm,Employee
274,Joshua Mclean,wmiller@example.org,$2a$10$YvZWEO2jzLiAZdTu0hAPxefD5src/cXhbBF9Gia7Llf61aWnCXSfm,Admin
275,Margaret Horn,tracey92@example.net,$2a$10$YvZWEO2jzLiAZdTu0hAPxefD5src/cXhbBF9Gia7Llf61aWnCXSfm,Employee
276,Dr. Nicole Cunningham,alexisfreeman@example.org,$2a$10$YvZWEO2jzLiAZdTu0hAPxefD5src/cXhbBF9Gia7Llf61aWnCXSfm,Employee
277,Anne Carter,sethpruitt@example.com,$2a$10$YvZWEO2jzLiAZdTu0hAPxefD5src/cXhbBF9Gia7Llf61aWnCXSfm,Employee
278,Stephanie Rowland,gainessteven@example.com,$2a$10$YvZWEO2jzLiAZdTu0hAPxefD5src/cXhbBF9Gia7Llf61aWnCXSfm,Admin
279,Jill Kelley,mark64@example.net,$2a$10$YvZWEO2jzLiAZdTu0hAPxefD5src/cXhbBF9Gia7Llf61aWnCXSfm,Admin
280,David Pollard,dvillanueva@example.org,$2a$10$YvZWEO2jzLiAZdTu0hAPxefD5src/cXhbBF9Gia7Llf61aWnCXSfm,Employee
281,Alexis Wiley,mwalls@example.net,$2a$10$YvZWEO2jzLiAZdTu0hAPxefD5src/cXhbBF9Gia7Llf61aWnCXSfm,Admin
282,Natalie Guzman,nicholas64@example.com,$2a$10$YvZWEO2jzLiAZdTu0hAPxefD5src/cXhbBF9Gia7Llf61aWnCXSfm,Admin
283,Christopher Mcgee,beckbrittany@example.net,$2a$10$YvZWEO2jzLiAZdTu0hAPxefD5src/cXhbBF9Gia7Llf61aWnCXSfm,Employee
284,Kevin Smith,connie88@example.net,$2a$10$YvZWEO2jzLiAZdTu0hAPxefD5src/cXhbBF9Gia7Llf61aWnCXSfm,Admin
285,Russell Valencia,vanessa24@example.org,$2a$10$YvZWEO2jzLiAZdTu0hAPxefD5src/cXhbBF9Gia7Llf61aWnCXSfm,Employee
286,Patricia Brown,ramirezdavid@example.org,$2a$10$YvZWEO2jzLiAZdTu0hAPxefD5src/cXhbBF9Gia7Llf61aWnCXSfm,Employee
287,John Mcfarland,kristine06@example.net,$2a$10$YvZWEO2jzLiAZdTu0hAPxefD5src/cXhbBF9Gia7Llf61aWnCXSfm,Employee
288,Patrick Chavez,dayannette@example.net,$2a$10$YvZWEO2jzLiAZdTu0hAPxefD5src/cXhbBF9Gia7Llf61aWnCXSfm,Admin
289,Reginald Rodriguez,ayoung@example.net,$2a$10$YvZWEO2jzLiAZdTu0hAPxefD5src/cXhbBF9Gia7Llf61aWnCXSfm,Admin
290,Donna Weber,curtisnorris@example.net,$2a$10$YvZWEO2jzLiAZdTu0hAPxefD5src/cXhbBF9Gia7Llf61aWnCXSfm,Employee
291,Katie Brown,igeorge@example.org,$2a$10$YvZWEO2jzLiAZdTu0hAPxefD5src/cXhbBF9Gia7Llf61aWnCXSfm,Employee
292,Alexander Henderson,zperkins@example.net,$2a$10$YvZWEO2jzLiAZdTu0hAPxefD5src/cXhbBF9Gia7Llf61aWnCXSfm,Employee
293,Susan Gallagher,lopezjennifer@example.com,$2a$10$YvZWEO2jzLiAZdTu0hAPxefD5src/cXhbBF9Gia7Llf61aWnCXSfm,Employee
294,Suzanne Patterson,barnesamber@example.net,$2a$10$YvZWEO2jzLiAZdTu0hAPxefD5src/cXhbBF9Gia7Llf61aWnCXSfm,Employee
295,Virginia Koch,penasteven@example.org,$2a$10$YvZWEO2jzLiAZdTu0hAPxefD5src/cXhbBF9Gia7Llf61aWnCXSfm,Admin
296,Vickie Hamilton,janet58@example.org,$2a$10$YvZWEO2jzLiAZdTu0hAPxefD5src/cXhbBF9Gia7Llf61aWnCXSfm,Admin
297,Seth Walton,andreawang@example.com,$2a$10$YvZWEO2jzLiAZdTu0hAPxefD5src/cXhbBF9Gia7Llf61aWnCXSfm,Employee
298,Jacob Nguyen,jessicaanderson@example.com,$2a$10$YvZWEO2jzLiAZdTu0hAPxefD5src/cXhbBF9Gia7Llf61aWnCXSfm,Admin
299,Nathan Briggs,karen85@example.com,$2a$10$YvZWEO2jzLiAZdTu0hAPxefD5src/cXhbBF9Gia7Llf61aWnCXSfm,Admin
300,Deborah Jones,wilsonroger@example.net,$2a$10$YvZWEO2jzLiAZdTu0hAPxefD5src/cXhbBF9Gia7Llf61aWnCXSfm,Employee
301,Jared Hall,grossashley@example.com,$2a$10$YvZWEO2jzLiAZdTu0hAPxefD5src/cXhbBF9Gia7Llf61aWnCXSfm,Employee
302,Joseph Campbell,emily49@example.org,$2a$10$YvZWEO2jzLiAZdTu0hAPxefD5src/cXhbBF9Gia7Llf61aWnCXSfm,Employee
303,Mrs. Christina Fleming,dsloan@example.com,$2a$10$YvZWEO2jzLiAZdTu0hAPxefD5src/cXhbBF9Gia7Llf61aWnCXSfm,Employee
304,Daniel Anderson MD,nicholas50@example.net,$2a$10$YvZWEO2jzLiAZdTu0hAPxefD5src/cXhbBF9Gia7Llf61aWnCXSfm,Employee
305,Kelsey Krueger,ljohnson@example.org,$2a$10$YvZWEO2jzLiAZdTu0hAPxefD5src/cXhbBF9Gia7Llf61aWnCXSfm,Employee
306,Edward Tucker,tiffanycordova@example.org,$2a$10$YvZWEO2jzLiAZdTu0hAPxefD5src/cXhbBF9Gia7Llf61aWnCXSfm,Admin
307,Gordon Bates,amy06@example.com,$2a$10$YvZWEO2jzLiAZdTu0hAPxefD5src/cXhbBF9Gia7Llf61aWnCXSfm,Employee
308,Todd Robinson,johnfoster@example.org,$2a$10$YvZWEO2jzLiAZdTu0hAPxefD5src/cXhbBF9Gia7Llf61aWnCXSfm,Employee
309,Christopher Ross,veronicabaldwin@example.com,$2a$10$YvZWEO2jzLiAZdTu0hAPxefD5src/cXhbBF9Gia7Llf61aWnCXSfm,Admin
310,Julie Wilson,christopherhansen@example.net,$2a$10$YvZWEO2jzLiAZdTu0hAPxefD5src/cXhbBF9Gia7Llf61aWnCXSfm,Admin
311,Luis Thomas,hwillis@example.com,$2a$10$YvZWEO2jzLiAZdTu0hAPxefD5src/cXhbBF9Gia7Llf61aWnCXSfm,Admin
312,Marcus Jones,terryjodi@example.net,$2a$10$YvZWEO2jzLiAZdTu0hAPxefD5src/cXhbBF9Gia7Llf61aWnCXSfm,Admin
313,Spencer Stevenson,stephensanna@example.com,$2a$10$YvZWEO2jzLiAZdTu0hAPxefD5src/cXhbBF9Gia7Llf61aWnCXSfm,Admin
314,Gary Stevens,latoyawilkerson@example.com,$2a$10$YvZWEO2jzLiAZdTu0hAPxefD5src/cXhbBF9Gia7Llf61aWnCXSfm,Employee
315,Patrick Weber,susanbyrd@example.org,$2a$10$YvZWEO2jzLiAZdTu0hAPxefD5src/cXhbBF9Gia7Llf61aWnCXSfm,Employee
316,Connie Stark,vpatton@example.net,$2a$10$YvZWEO2jzLiAZdTu0hAPxefD5src/cXhbBF9Gia7Llf61aWnCXSfm,Employee
317,Chad Bradley,casey66@example.org,$2a$10$YvZWEO2jzLiAZdTu0hAPxefD5src/cXhbBF9Gia7Llf61aWnCXSfm,Employee
318,Marcus Velasquez,teresaparker@example.net,$2a$10$YvZWEO2jzLiAZdTu0hAPxefD5src/cXhbBF9Gia7Llf61aWnCXSfm,Admin
319,Debra Banks,kristina09@example.net,$2a$10$YvZWEO2jzLiAZdTu0hAPxefD5src/cXhbBF9Gia7Llf61aWnCXSfm,Admin
320,George Gonzalez,rpowers@example.com,$2a$10$YvZWEO2jzLiAZdTu0hAPxefD5src/cXhbBF9Gia7Llf61aWnCXSfm,Admin
321,Karl Fischer,jennifersmith@example.net,$2a$10$YvZWEO2jzLiAZdTu0hAPxefD5src/cXhbBF9Gia7Llf61aWnCXSfm,Employee
322,Michael Ross,andre39@example.org,$2a$10$YvZWEO2jzLiAZdTu0hAPxefD5src/cXhbBF9Gia7Llf61aWnCXSfm,Employee
323,David Ballard,brownkatrina@example.net,$2a$10$YvZWEO2jzLiAZdTu0hAPxefD5src/cXhbBF9Gia7Llf61aWnCXSfm,Admin
324,Tracey Wang,hurstrobert@example.org,$2a$10$YvZWEO2jzLiAZdTu0hAPxefD5src/cXhbBF9Gia7Llf61aWnCXSfm,Employee
325,Matthew Smith,brandtjames@example.org,$2a$10$YvZWEO2jzLiAZdTu0hAPxefD5src/cXhbBF9Gia7Llf61aWnCXSfm,Employee
326,Brenda Phillips,martinezleah@example.org,$2a$10$YvZWEO2jzLiAZdTu0hAPxefD5src/cXhbBF9Gia7Llf61aWnCXSfm,Admin
327,Roy Perez Jr.,smithedward@example.com,$2a$10$YvZWEO2jzLiAZdTu0hAPxefD5src/cXhbBF9Gia7Llf61aWnCXSfm,Admin
328,Heather Wilson,christine39@example.org,$2a$10$YvZWEO2jzLiAZdTu0hAPxefD5src/cXhbBF9Gia7Llf61aWnCXSfm,Admin
329,Paul Baxter,carlcraig@example.org,$2a$10$YvZWEO2jzLiAZdTu0hAPxefD5src/cXhbBF9Gia7Llf61aWnCXSfm,Admin
330,Kathryn Lester,luis79@example.org,$2a$10$YvZWEO2jzLiAZdTu0hAPxefD5src/cXhbBF9Gia7Llf61aWnCXSfm,Admin
331,Tammy Powell,rsharp@example.net,$2a$10$YvZWEO2jzLiAZdTu0hAPxefD5src/cXhbBF9Gia7Llf61aWnCXSfm,Employee
332,Randy Phillips,pgraves@example.com,$2a$10$YvZWEO2jzLiAZdTu0hAPxefD5src/cXhbBF9Gia7Llf61aWnCXSfm,Employee
333,Jessica Boone,handrade@example.com,$2a$10$YvZWEO2jzLiAZdTu0hAPxefD5src/cXhbBF9Gia7Llf61aWnCXSfm,Admin
334,Raymond Lee,ann15@example.net,$2a$10$YvZWEO2jzLiAZdTu0hAPxefD5src/cXhbBF9Gia7Llf61aWnCXSfm,Admin
335,Christopher Lee,fieldskristina@example.com,$2a$10$YvZWEO2jzLiAZdTu0hAPxefD5src/cXhbBF9Gia7Llf61aWnCXSfm,Admin
336,Annette Dunn,davisshane@example.com,$2a$10$YvZWEO2jzLiAZdTu0hAPxefD5src/cXhbBF9Gia7Llf61aWnCXSfm,Admin
337,Hannah Harris,nancy15@example.net,$2a$10$YvZWEO2jzLiAZdTu0hAPxefD5src/cXhbBF9Gia7Llf61aWnCXSfm,Admin
338,Carlos Perez,aaron05@example.org,$2a$10$YvZWEO2jzLiAZdTu0hAPxefD5src/cXhbBF9Gia7Llf61aWnCXSfm,Employee
339,Benjamin Shaw,rosslisa@example.com,$2a$10$YvZWEO2jzLiAZdTu0hAPxefD5src/cXhbBF9Gia7Llf61aWnCXSfm,Admin
340,Aaron Parks,bwarner@example.com,$2a$10$YvZWEO2jzLiAZdTu0hAPxefD5src/cXhbBF9Gia7Llf61aWnCXSfm,Admin
341,Rhonda Herrera,james93@example.net,$2a$10$YvZWEO2jzLiAZdTu0hAPxefD5src/cXhbBF9Gia7Llf61aWnCXSfm,Employee
342,Kimberly Davis,watsonbrittany@example.com,$2a$10$YvZWEO2jzLiAZdTu0hAPxefD5src/cXhbBF9Gia7Llf61aWnCXSfm,Employee
343,Brooke Drake,travisphillips@example.org,$2a$10$YvZWEO2jzLiAZdTu0hAPxefD5src/cXhbBF9Gia7Llf61aWnCXSfm,Employee
344,Jessica Franco,ahaley@example.net,$2a$10$YvZWEO2jzLiAZdTu0hAPxefD5src/cXhbBF9Gia7Llf61aWnCXSfm,Admin
345,Amy Clark,darrell86@example.com,$2a$10$YvZWEO2jzLiAZdTu0hAPxefD5src/cXhbBF9Gia7Llf61aWnCXSfm,Employee
346,Anna Williams,jonesallen@example.com,$2a$10$YvZWEO2jzLiAZdTu0hAPxefD5src/cXhbBF9Gia7Llf61aWnCXSfm,Admin
347,Chris Escobar,ocook@example.net,$2a$10$YvZWEO2jzLiAZdTu0hAPxefD5src/cXhbBF9Gia7Llf61aWnCXSfm,Employee
348,Samuel Silva,uclark@example.net,$2a$10$YvZWEO2jzLiAZdTu0hAPxefD5src/cXhbBF9Gia7Llf61aWnCXSfm,Employee
349,David Evans,justin47@example.net,$2a$10$YvZWEO2jzLiAZdTu0hAPxefD5src/cXhbBF9Gia7Llf61aWnCXSfm,Admin
350,Kevin Graham,npatel@example.org,$2a$10$YvZWEO2jzLiAZdTu0hAPxefD5src/cXhbBF9Gia7Llf61aWnCXSfm,Employee
351,Wendy Salazar,ddominguez@example.org,$2a$10$YvZWEO2jzLiAZdTu0hAPxefD5src/cXhbBF9Gia7Llf61aWnCXSfm,Employee
352,Carolyn Young,ian90@example.com,$2a$10$YvZWEO2jzLiAZdTu0hAPxefD5src/cXhbBF9Gia7Llf61aWnCXSfm,Admin
353,Julie Watkins,william15@example.com,$2a$10$YvZWEO2jzLiAZdTu0hAPxefD5src/cXhbBF9Gia7Llf61aWnCXSfm,Employee
354,Jacob Garcia,millerheather@example.com,$2a$10$YvZWEO2jzLiAZdTu0hAPxefD5src/cXhbBF9Gia7Llf61aWnCXSfm,Employee
355,John King,adam35@example.net,$2a$10$YvZWEO2jzLiAZdTu0hAPxefD5src/cXhbBF9Gia7Llf61aWnCXSfm,Admin
356,Brian Taylor,matthewhenderson@example.net,$2a$10$YvZWEO2jzLiAZdTu0hAPxefD5src/cXhbBF9Gia7Llf61aWnCXSfm,Admin
357,Brian White,ashley09@example.net,$2a$10$YvZWEO2jzLiAZdTu0hAPxefD5src/cXhbBF9Gia7Llf61aWnCXSfm,Admin
358,Kimberly Montoya,nathan09@example.org,$2a$10$YvZWEO2jzLiAZdTu0hAPxefD5src/cXhbBF9Gia7Llf61aWnCXSfm,Admin
359,Valerie Ponce,crystalford@example.com,$2a$10$YvZWEO2jzLiAZdTu0hAPxefD5src/cXhbBF9Gia7Llf61aWnCXSfm,Employee
360,Mr. Darrell Powers,barry67@example.net,$2a$10$YvZWEO2jzLiAZdTu0hAPxefD5src/cXhbBF9Gia7Llf61aWnCXSfm,Admin
361,Lisa Johnson,uhenson@example.org,$2a$10$YvZWEO2jzLiAZdTu0hAPxefD5src/cXhbBF9Gia7Llf61aWnCXSfm,Employee
362,Juan Jackson,adam49@example.net,$2a$10$YvZWEO2jzLiAZdTu0hAPxefD5src/cXhbBF9Gia7Llf61aWnCXSfm,Employee
363,Daniel Holmes,pquinn@example.com,$2a$10$YvZWEO2jzLiAZdTu0hAPxefD5src/cXhbBF9Gia7Llf61aWnCXSfm,Admin
364,Timothy Chapman,dmatthews@example.org,$2a$10$YvZWEO2jzLiAZdTu0hAPxefD5src/cXhbBF9Gia7Llf61aWnCXSfm,Employee
365,Jessica Stevens,william05@example.org,$2a$10$YvZWEO2jzLiAZdTu0hAPxefD5src/cXhbBF9Gia7Llf61aWnCXSfm,Admin
366,Lori Hanna,solismichele@example.com,$2a$10$YvZWEO2jzLiAZdTu0hAPxefD5src/cXhbBF9Gia7Llf61aWnCXSfm,Employee
367,Laura Hancock,hilltaylor@example.com,$2a$10$YvZWEO2jzLiAZdTu0hAPxefD5src/cXhbBF9Gia7Llf61aWnCXSfm,Admin
368,Gina Thomas,charlesweeks@example.net,$2a$10$YvZWEO2jzLiAZdTu0hAPxefD5src/cXhbBF9Gia7Llf61aWnCXSfm,Employee
369,Matthew Ruiz,mark25@example.com,$2a$10$YvZWEO2jzLiAZdTu0hAPxefD5src/cXhbBF9Gia7Llf61aWnCXSfm,Admin
370,Carla Andersen,traci94@example.com,$2a$10$YvZWEO2jzLiAZdTu0hAPxefD5src/cXhbBF9Gia7Llf61aWnCXSfm,Employee
371,Sheila Stephens,xwilson@example.com,$2a$10$YvZWEO2jzLiAZdTu0hAPxefD5src/cXhbBF9Gia7Llf61aWnCXSfm,Employee
372,Barbara Lee,twalker@example.net,$2a$10$YvZWEO2jzLiAZdTu0hAPxefD5src/cXhbBF9Gia7Llf61aWnCXSfm,Admin
373,Brendan Jackson,kirbyjill@example.com,$2a$10$YvZWEO2jzLiAZdTu0hAPxefD5src/cXhbBF9Gia7Llf61aWnCXSfm,Admin
374,John Stone,troy16@example.org,$2a$10$YvZWEO2jzLiAZdTu0hAPxefD5src/cXhbBF9Gia7Llf61aWnCXSfm,Employee
375,Kristen Jackson,stephanie53@example.com,$2a$10$YvZWEO2jzLiAZdTu0hAPxefD5src/cXhbBF9Gia7Llf61aWnCXSfm,Employee
376,Kathryn Kelly,gregorydawson@example.org,$2a$10$YvZWEO2jzLiAZdTu0hAPxefD5src/cXhbBF9Gia7Llf61aWnCXSfm,Admin
377,Clifford Ortiz,jared07@example.com,$2a$10$YvZWEO2jzLiAZdTu0hAPxefD5src/cXhbBF9Gia7Llf61aWnCXSfm,Admin
378,John Bennett,davidcassandra@example.net,$2a$10$YvZWEO2jzLiAZdTu0hAPxefD5src/cXhbBF9Gia7Llf61aWnCXSfm,Admin
379,David Norris,sandradavis@example.net,$2a$10$YvZWEO2jzLiAZdTu0hAPxefD5src/cXhbBF9Gia7Llf61aWnCXSfm,Employee
380,Sarah Faulkner,griffinmike@example.net,$2a$10$YvZWEO2jzLiAZdTu0hAPxefD5src/cXhbBF9Gia7Llf61aWnCXSfm,Admin
381,Patrick Cantu,monique01@example.com,$2a$10$YvZWEO2jzLiAZdTu0hAPxefD5src/cXhbBF9Gia7Llf61aWnCXSfm,Employee
382,Dr. James Mcknight Jr.,martindaniel@example.com,$2a$10$YvZWEO2jzLiAZdTu0hAPxefD5src/cXhbBF9Gia7Llf61aWnCXSfm,Admin
383,Tony Kelly,davidoneill@example.net,$2a$10$YvZWEO2jzLiAZdTu0hAPxefD5src/cXhbBF9Gia7Llf61aWnCXSfm,Employee
384,Kenneth Howard,newtonmichael@example.net,$2a$10$YvZWEO2jzLiAZdTu0hAPxefD5src/cXhbBF9Gia7Llf61aWnCXSfm,Employee
385,Catherine Nguyen,cervantesrobert@example.com,$2a$10$YvZWEO2jzLiAZdTu0hAPxefD5src/cXhbBF9Gia7Llf61aWnCXSfm,Admin
386,Robert Klein,mmayer@example.net,$2a$10$YvZWEO2jzLiAZdTu0hAPxefD5src/cXhbBF9Gia7Llf61aWnCXSfm,Employee
387,Susan Bennett,bhill@example.net,$2a$10$YvZWEO2jzLiAZdTu0hAPxefD5src/cXhbBF9Gia7Llf61aWnCXSfm,Employee
388,Jose Diaz,rtapia@example.net,$2a$10$YvZWEO2jzLiAZdTu0hAPxefD5src/cXhbBF9Gia7Llf61aWnCXSfm,Employee
389,Michael Tapia,youngmonica@example.com,$2a$10$YvZWEO2jzLiAZdTu0hAPxefD5src/cXhbBF9Gia7Llf61aWnCXSfm,Employee
390,Elizabeth Wallace,rebecca25@example.com,$2a$10$YvZWEO2jzLiAZdTu0hAPxefD5src/cXhbBF9Gia7Llf61aWnCXSfm,Employee
391,Jasmine Wu,katherine59@example.org,$2a$10$YvZWEO2jzLiAZdTu0hAPxefD5src/cXhbBF9Gia7Llf61aWnCXSfm,Admin
392,Mrs. Hannah Bass,pbean@example.org,$2a$10$YvZWEO2jzLiAZdTu0hAPxefD5src/cXhbBF9Gia7Llf61aWnCXSfm,Employee
393,Allison Owens,cmoore@example.net,$2a$10$YvZWEO2jzLiAZdTu0hAPxefD5src/cXhbBF9Gia7Llf61aWnCXSfm,Admin
394,Austin Humphrey,samuel71@example.com,$2a$10$YvZWEO2jzLiAZdTu0hAPxefD5src/cXhbBF9Gia7Llf61aWnCXSfm,Employee
395,Brenda Collins,tina68@example.com,$2a$10$YvZWEO2jzLiAZdTu0hAPxefD5src/cXhbBF9Gia7Llf61aWnCXSfm,Admin
396,Lauren Jordan,bradley65@example.net,$2a$10$YvZWEO2jzLiAZdTu0hAPxefD5src/cXhbBF9Gia7Llf61aWnCXSfm,Admin
397,Lindsey Martinez,qmckee@example.net,$2a$10$YvZWEO2jzLiAZdTu0hAPxefD5src/cXhbBF9Gia7Llf61aWnCXSfm,Employee
398,Christopher Benton,andersoncarrie@example.net,$2a$10$YvZWEO2jzLiAZdTu0hAPxefD5src/cXhbBF9Gia7Llf61aWnCXSfm,Admin
399,Barbara Stone,karenestes@example.org,$2a$10$YvZWEO2jzLiAZdTu0hAPxefD5src/cXhbBF9Gia7Llf61aWnCXSfm,Employee
400,Brian Gray,jmorgan@example.net,$2a$10$YvZWEO2jzLiAZdTu0hAPxefD5src/cXhbBF9Gia7Llf61aWnCXSfm,Employee
401,Tamara Salazar,kcarroll@example.org,$2a$10$YvZWEO2jzLiAZdTu0hAPxefD5src/cXhbBF9Gia7Llf61aWnCXSfm,Employee
402,Robert Patel,oroach@example.com,$2a$10$YvZWEO2jzLiAZdTu0hAPxefD5src/cXhbBF9Gia7Llf61aWnCXSfm,Admin
403,April Roberts,astevens@example.net,$2a$10$YvZWEO2jzLiAZdTu0hAPxefD5src/cXhbBF9Gia7Llf61aWnCXSfm,Admin
404,Christie Keith,vturner@example.net,$2a$10$YvZWEO2jzLiAZdTu0hAPxefD5src/cXhbBF9Gia7Llf61aWnCXSfm,Admin
405,Logan Brooks,theresawaters@example.org,$2a$10$YvZWEO2jzLiAZdTu0hAPxefD5src/cXhbBF9Gia7Llf61aWnCXSfm,Admin
406,Karen Hamilton,belltravis@example.net,$2a$10$YvZWEO2jzLiAZdTu0hAPxefD5src/cXhbBF9Gia7Llf61aWnCXSfm,Admin
407,William Glover,roy61@example.net,$2a$10$YvZWEO2jzLiAZdTu0hAPxefD5src/cXhbBF9Gia7Llf61aWnCXSfm,Employee
408,Christina Browning,sarah64@example.org,$2a$10$YvZWEO2jzLiAZdTu0hAPxefD5src/cXhbBF9Gia7Llf61aWnCXSfm,Admin
409,Kevin Lawson,jonphillips@example.com,$2a$10$YvZWEO2jzLiAZdTu0hAPxefD5src/cXhbBF9Gia7Llf61aWnCXSfm,Employee
410,Carolyn Wilson,sjohnson@example.net,$2a$10$YvZWEO2jzLiAZdTu0hAPxefD5src/cXhbBF9Gia7Llf61aWnCXSfm,Admin
411,Deborah Wu,zkidd@example.org,$2a$10$YvZWEO2jzLiAZdTu0hAPxefD5src/cXhbBF9Gia7Llf61aWnCXSfm,Admin
412,Scott Glenn,kelly44@example.org,$2a$10$YvZWEO2jzLiAZdTu0hAPxefD5src/cXhbBF9Gia7Llf61aWnCXSfm,Admin
413,Christina Rodriguez,harpersusan@example.org,$2a$10$YvZWEO2jzLiAZdTu0hAPxefD5src/cXhbBF9Gia7Llf61aWnCXSfm,Admin
414,Gina Estrada,hollandjillian@example.net,$2a$10$YvZWEO2jzLiAZdTu0hAPxefD5src/cXhbBF9Gia7Llf61aWnCXSfm,Admin
415,Kristen Brown,ejohnson@example.net,$2a$10$YvZWEO2jzLiAZdTu0hAPxefD5src/cXhbBF9Gia7Llf61aWnCXSfm,Employee
416,Christopher Monroe,leestephen@example.com,$2a$10$YvZWEO2jzLiAZdTu0hAPxefD5src/cXhbBF9Gia7Llf61aWnCXSfm,Admin
417,Marissa Wilcox,patrick88@example.com,$2a$10$YvZWEO2jzLiAZdTu0hAPxefD5src/cXhbBF9Gia7Llf61aWnCXSfm,Employee
418,Holly Sanchez,nbridges@example.com,$2a$10$YvZWEO2jzLiAZdTu0hAPxefD5src/cXhbBF9Gia7Llf61aWnCXSfm,Admin
419,Robert Rodriguez,dalton53@example.net,$2a$10$YvZWEO2jzLiAZdTu0hAPxefD5src/cXhbBF9Gia7Llf61aWnCXSfm,Admin
420,James Davis,brookestanley@example.org,$2a$10$YvZWEO2jzLiAZdTu0hAPxefD5src/cXhbBF9Gia7Llf61aWnCXSfm,Employee
421,Felicia Nelson,ryanryan@example.com,$2a$10$YvZWEO2jzLiAZdTu0hAPxefD5src/cXhbBF9Gia7Llf61aWnCXSfm,Employee
422,Joshua Jones,brittany37@example.com,$2a$10$YvZWEO2jzLiAZdTu0hAPxefD5src/cXhbBF9Gia7Llf61aWnCXSfm,Admin
423,Paula Barnett,rlee@example.org,$2a$10$YvZWEO2jzLiAZdTu0hAPxefD5src/cXhbBF9Gia7Llf61aWnCXSfm,Admin
424,Melissa Baker,rcooley@example.com,$2a$10$YvZWEO2jzLiAZdTu0hAPxefD5src/cXhbBF9Gia7Llf61aWnCXSfm,Employee
425,Nicole Mcdowell,lmccormick@example.net,$2a$10$YvZWEO2jzLiAZdTu0hAPxefD5src/cXhbBF9Gia7Llf61aWnCXSfm,Employee
426,Erika Smith,fmills@example.net,$2a$10$YvZWEO2jzLiAZdTu0hAPxefD5src/cXhbBF9Gia7Llf61aWnCXSfm,Employee
427,Melissa Crawford,smithdavid@example.net,$2a$10$YvZWEO2jzLiAZdTu0hAPxefD5src/cXhbBF9Gia7Llf61aWnCXSfm,Employee
428,Michael White,proctorbrandy@example.org,$2a$10$YvZWEO2jzLiAZdTu0hAPxefD5src/cXhbBF9Gia7Llf61aWnCXSfm,Employee
429,Andrew Brock,gporter@example.net,$2a$10$YvZWEO2jzLiAZdTu0hAPxefD5src/cXhbBF9Gia7Llf61aWnCXSfm,Admin
430,Jennifer Anderson,kimberly08@example.com,$2a$10$YvZWEO2jzLiAZdTu0hAPxefD5src/cXhbBF9Gia7Llf61aWnCXSfm,Admin
431,Calvin Collier,xramsey@example.org,$2a$10$YvZWEO2jzLiAZdTu0hAPxefD5src/cXhbBF9Gia7Llf61aWnCXSfm,Admin
432,Mitchell Kim,linda49@example.net,$2a$10$YvZWEO2jzLiAZdTu0hAPxefD5src/cXhbBF9Gia7Llf61aWnCXSfm,Admin
433,Monica Martin,kenneth11@example.com,$2a$10$YvZWEO2jzLiAZdTu0hAPxefD5src/cXhbBF9Gia7Llf61aWnCXSfm,Employee
434,Sherry Johnson,brownmanuel@example.net,$2a$10$YvZWEO2jzLiAZdTu0hAPxefD5src/cXhbBF9Gia7Llf61aWnCXSfm,Employee
435,Samantha Gordon DDS,bakersamuel@example.com,$2a$10$YvZWEO2jzLiAZdTu0hAPxefD5src/cXhbBF9Gia7Llf61aWnCXSfm,Employee
436,John Berry,salinasronald@example.net,$2a$10$YvZWEO2jzLiAZdTu0hAPxefD5src/cXhbBF9Gia7Llf61aWnCXSfm,Admin
437,Robert Williams,burkemark@example.net,$2a$10$YvZWEO2jzLiAZdTu0hAPxefD5src/cXhbBF9Gia7Llf61aWnCXSfm,Employee
438,Alan Williams,melissa97@example.com,$2a$10$YvZWEO2jzLiAZdTu0hAPxefD5src/cXhbBF9Gia7Llf61aWnCXSfm,Employee
439,Stephanie Hughes,benjaminrobinson@example.com,$2a$10$YvZWEO2jzLiAZdTu0hAPxefD5src/cXhbBF9Gia7Llf61aWnCXSfm,Employee
440,Carl Cook,turnermelissa@example.org,$2a$10$YvZWEO2jzLiAZdTu0hAPxefD5src/cXhbBF9Gia7Llf61aWnCXSfm,Admin
441,Michelle Castillo,tiffanysilva@example.com,$2a$10$YvZWEO2jzLiAZdTu0hAPxefD5src/cXhbBF9Gia7Llf61aWnCXSfm,Admin
442,Robin Potter,deborah73@example.net,$2a$10$YvZWEO2jzLiAZdTu0hAPxefD5src/cXhbBF9Gia7Llf61aWnCXSfm,Employee
443,Sherri Schmidt,megan10@example.net,$2a$10$YvZWEO2jzLiAZdTu0hAPxefD5src/cXhbBF9Gia7Llf61aWnCXSfm,Employee
444,Mr. Robert Bennett,hendrickssue@example.com,$2a$10$YvZWEO2jzLiAZdTu0hAPxefD5src/cXhbBF9Gia7Llf61aWnCXSfm,Employee
445,Sheena Marshall,svega@example.com,$2a$10$YvZWEO2jzLiAZdTu0hAPxefD5src/cXhbBF9Gia7Llf61aWnCXSfm,Admin
446,Tyrone Sweeney,terri03@example.net,$2a$10$YvZWEO2jzLiAZdTu0hAPxefD5src/cXhbBF9Gia7Llf61aWnCXSfm,Employee
447,Joseph Hooper,jclark@example.com,$2a$10$YvZWEO2jzLiAZdTu0hAPxefD5src/cXhbBF9Gia7Llf61aWnCXSfm,Employee
448,Jonathan Weber,kristicarroll@example.net,$2a$10$YvZWEO2jzLiAZdTu0hAPxefD5src/cXhbBF9Gia7Llf61aWnCXSfm,Employee
449,Nicole Cox,nancymcdaniel@example.org,$2a$10$YvZWEO2jzLiAZdTu0hAPxefD5src/cXhbBF9Gia7Llf61aWnCXSfm,Employee
450,James Booth,greenheather@example.org,$2a$10$YvZWEO2jzLiAZdTu0hAPxefD5src/cXhbBF9Gia7Llf61aWnCXSfm,Employee
451,Michael Wright,joelgonzalez@example.net,$2a$10$YvZWEO2jzLiAZdTu0hAPxefD5src/cXhbBF9Gia7Llf61aWnCXSfm,Employee
452,Mr. Gary Pierce,andrewvaldez@example.net,$2a$10$YvZWEO2jzLiAZdTu0hAPxefD5src/cXhbBF9Gia7Llf61aWnCXSfm,Employee
453,Miranda Campbell,katherine50@example.org,$2a$10$YvZWEO2jzLiAZdTu0hAPxefD5src/cXhbBF9Gia7Llf61aWnCXSfm,Employee
454,Christopher Bell,brandonturner@example.net,$2a$10$YvZWEO2jzLiAZdTu0hAPxefD5src/cXhbBF9Gia7Llf61aWnCXSfm,Employee
455,Felicia Garrett,millerjames@example.org,$2a$10$YvZWEO2jzLiAZdTu0hAPxefD5src/cXhbBF9Gia7Llf61aWnCXSfm,Employee
456,Mr. Terry Hernandez,riveracassandra@example.com,$2a$10$YvZWEO2jzLiAZdTu0hAPxefD5src/cXhbBF9Gia7Llf61aWnCXSfm,Admin
457,Antonio Hill,nicole69@example.com,$2a$10$YvZWEO2jzLiAZdTu0hAPxefD5src/cXhbBF9Gia7Llf61aWnCXSfm,Admin
458,Christopher Lyons,kadams@example.org,$2a$10$YvZWEO2jzLiAZdTu0hAPxefD5src/cXhbBF9Gia7Llf61aWnCXSfm,Admin
459,Lisa Collins,ucarpenter@example.org,$2a$10$YvZWEO2jzLiAZdTu0hAPxefD5src/cXhbBF9Gia7Llf61aWnCXSfm,Admin
460,Robert Olson,ascott@example.com,$2a$10$YvZWEO2jzLiAZdTu0hAPxefD5src/cXhbBF9Gia7Llf61aWnCXSfm,Admin
461,Janice Carr,ritterjoshua@example.com,$2a$10$YvZWEO2jzLiAZdTu0hAPxefD5src/cXhbBF9Gia7Llf61aWnCXSfm,Employee
462,Sherry Jones,morgankelsey@example.com,$2a$10$YvZWEO2jzLiAZdTu0hAPxefD5src/cXhbBF9Gia7Llf61aWnCXSfm,Admin
463,Christina Lee,bryanpatel@example.com,$2a$10$YvZWEO2jzLiAZdTu0hAPxefD5src/cXhbBF9Gia7Llf61aWnCXSfm,Employee
464,Tara Kennedy,jacob12@example.org,$2a$10$YvZWEO2jzLiAZdTu0hAPxefD5src/cXhbBF9Gia7Llf61aWnCXSfm,Admin
465,Mary Riddle,stephenmoore@example.org,$2a$10$YvZWEO2jzLiAZdTu0hAPxefD5src/cXhbBF9Gia7Llf61aWnCXSfm,Employee
466,Richard Mathis,parkerchad@example.net,$2a$10$YvZWEO2jzLiAZdTu0hAPxefD5src/cXhbBF9Gia7Llf61aWnCXSfm,Admin
467,Brian Shaffer,melissaellis@example.org,$2a$10$YvZWEO2jzLiAZdTu0hAPxefD5src/cXhbBF9Gia7Llf61aWnCXSfm,Employee
468,Christopher Holland,awoodward@example.org,$2a$10$YvZWEO2jzLiAZdTu0hAPxefD5src/cXhbBF9Gia7Llf61aWnCXSfm,Employee
469,Ashley Thomas,jonestracy@example.org,$2a$10$YvZWEO2jzLiAZdTu0hAPxefD5src/cXhbBF9Gia7Llf61aWnCXSfm,Employee
470,Matthew Webster,jamesclark@example.com,$2a$10$YvZWEO2jzLiAZdTu0hAPxefD5src/cXhbBF9Gia7Llf61aWnCXSfm,Employee
471,Michael Phillips,michael81@example.org,$2a$10$YvZWEO2jzLiAZdTu0hAPxefD5src/cXhbBF9Gia7Llf61aWnCXSfm,Employee
472,Adam Chan,jessica83@example.org,$2a$10$YvZWEO2jzLiAZdTu0hAPxefD5src/cXhbBF9Gia7Llf61aWnCXSfm,Admin
473,David Edwards,lindasanders@example.org,$2a$10$YvZWEO2jzLiAZdTu0hAPxefD5src/cXhbBF9Gia7Llf61aWnCXSfm,Admin
474,Terry Allison,harrisjeffrey@example.org,$2a$10$YvZWEO2jzLiAZdTu0hAPxefD5src/cXhbBF9Gia7Llf61aWnCXSfm,Employee
475,Christine Moore DDS,samuel97@example.org,$2a$10$YvZWEO2jzLiAZdTu0hAPxefD5src/cXhbBF9Gia7Llf61aWnCXSfm,Employee
476,Craig Ramirez,domingueztroy@example.org,$2a$10$YvZWEO2jzLiAZdTu0hAPxefD5src/cXhbBF9Gia7Llf61aWnCXSfm,Admin
477,Jeffrey Lawson,nicholasgutierrez@example.com,$2a$10$YvZWEO2jzLiAZdTu0hAPxefD5src/cXhbBF9Gia7Llf61aWnCXSfm,Admin
478,Patrick Bryant,ryanrobinson@example.net,$2a$10$YvZWEO2jzLiAZdTu0hAPxefD5src/cXhbBF9Gia7Llf61aWnCXSfm,Admin
479,Vanessa Hammond,rodriguezstephen@example.org,$2a$10$YvZWEO2jzLiAZdTu0hAPxefD5src/cXhbBF9Gia7Llf61aWnCXSfm,Admin
480,Danielle Cole,amyschultz@example.net,$2a$10$YvZWEO2jzLiAZdTu0hAPxefD5src/cXhbBF9Gia7Llf61aWnCXSfm,Employee
481,Daniel Ellison,mwilliamson@example.com,$2a$10$YvZWEO2jzLiAZdTu0hAPxefD5src/cXhbBF9Gia7Llf61aWnCXSfm,Employee
482,Mary Phillips,nwarner@example.org,$2a$10$YvZWEO2jzLiAZdTu0hAPxefD5src/cXhbBF9Gia7Llf61aWnCXSfm,Employee
483,Kaitlyn Jones,johnsonanna@example.net,$2a$10$YvZWEO2jzLiAZdTu0hAPxefD5src/cXhbBF9Gia7Llf61aWnCXSfm,Admin
484,Regina Smith,bowmancatherine@example.org,$2a$10$YvZWEO2jzLiAZdTu0hAPxefD5src/cXhbBF9Gia7Llf61aWnCXSfm,Employee
485,Melissa Dalton,kylepeterson@example.net,$2a$10$YvZWEO2jzLiAZdTu0hAPxefD5src/cXhbBF9Gia7Llf61aWnCXSfm,Admin
486,Nicholas Mccullough,qkeith@example.net,$2a$10$YvZWEO2jzLiAZdTu0hAPxefD5src/cXhbBF9Gia7Llf61aWnCXSfm,Employee
487,Henry Keller,tom25@example.net,$2a$10$YvZWEO2jzLiAZdTu0hAPxefD5src/cXhbBF9Gia7Llf61aWnCXSfm,Admin
488,Theresa Villa,wooderik@example.net,$2a$10$YvZWEO2jzLiAZdTu0hAPxefD5src/cXhbBF9Gia7Llf61aWnCXSfm,Admin
489,Joe Gutierrez,jessicabarker@example.org,$2a$10$YvZWEO2jzLiAZdTu0hAPxefD5src/cXhbBF9Gia7Llf61aWnCXSfm,Employee
490,Michelle Chen,beckamy@example.net,$2a$10$YvZWEO2jzLiAZdTu0hAPxefD5src/cXhbBF9Gia7Llf61aWnCXSfm,Employee
491,Christopher Gonzalez,kathyanderson@example.org,$2a$10$YvZWEO2jzLiAZdTu0hAPxefD5src/cXhbBF9Gia7Llf61aWnCXSfm,Admin
492,Victor Martinez,smithmargaret@example.org,$2a$10$YvZWEO2jzLiAZdTu0hAPxefD5src/cXhbBF9Gia7Llf61aWnCXSfm,Admin
493,Karina Robles,doughertypatricia@example.org,$2a$10$YvZWEO2jzLiAZdTu0hAPxefD5src/cXhbBF9Gia7Llf61aWnCXSfm,Admin
494,Kenneth Castillo,kthomas@example.net,$2a$10$YvZWEO2jzLiAZdTu0hAPxefD5src/cXhbBF9Gia7Llf61aWnCXSfm,Employee
495,Michael Vargas,owhitehead@example.net,$2a$10$YvZWEO2jzLiAZdTu0hAPxefD5src/cXhbBF9Gia7Llf61aWnCXSfm,Admin
496,Raymond Joseph,kathleenbyrd@example.net,$2a$10$YvZWEO2jzLiAZdTu0hAPxefD5src/cXhbBF9Gia7Llf61aWnCXSfm,Admin
497,Michael Fernandez,wyatt61@example.net,$2a$10$YvZWEO2jzLiAZdTu0hAPxefD5src/cXhbBF9Gia7Llf61aWnCXSfm,Employee
498,Katelyn Contreras,qwhite@example.org,$2a$10$YvZWEO2jzLiAZdTu0hAPxefD5src/cXhbBF9Gia7Llf61aWnCXSfm,Employee
499,Sherri Hamilton,matthewolson@example.com,$2a$10$YvZWEO2jzLiAZdTu0hAPxefD5src/cXhbBF9Gia7Llf61aWnCXSfm,Employee
500,Bryan Gomez,mariodennis@example.net,$2a$10$YvZWEO2jzLiAZdTu0hAPxefD5src/cXhbBF9Gia7Llf61aWnCXSfm,Admin
